time,cognitive_state
22:57:48,Focused
22:57:48,Focused
22:57:48,Focused
22:57:48,Focused
22:57:48,Focused
22:57:48,Focused
22:57:48,Focused
22:57:48,Focused
22:57:48,Focused
22:57:48,Focused
22:57:48,Focused
22:57:48,Focused
22:57:48,Focused
22:57:48,Focused
22:57:48,Focused
22:57:48,Focused
22:57:48,Focused
22:57:48,Focused
22:57:48,Focused
22:57:48,Focused
22:57:48,Focused
22:57:49,Focused
22:57:49,Focused
22:57:49,Focused
22:57:49,Focused
22:57:49,Focused
22:57:49,Focused
22:57:49,Focused
22:57:49,Focused
22:57:49,Focused
22:57:49,Focused
22:57:49,Focused
22:57:49,Focused
22:57:49,Focused
22:57:49,Focused
22:57:49,Focused
22:57:49,Focused
22:57:49,Focused
22:57:49,Focused
22:57:49,Focused
22:57:49,Focused
22:57:49,Focused
22:57:49,Focused
22:57:49,Focused
22:57:49,Focused
22:57:49,Focused
22:57:49,Focused
22:57:49,Focused
22:57:49,Focused
22:57:49,Focused
22:57:49,Focused
22:57:49,Focused
22:57:50,Focused
22:57:50,Focused
22:57:50,Focused
22:57:50,Focused
22:57:50,Focused
22:57:50,Focused
22:57:50,Focused
22:57:50,Focused
22:57:50,Focused
22:57:50,Focused
22:57:50,Focused
22:57:50,Focused
22:57:50,Focused
22:57:50,Focused
22:57:50,Focused
22:57:50,Focused
22:57:50,Focused
22:57:50,Focused
22:57:50,Focused
22:57:50,Focused
22:57:50,Focused
22:57:50,Focused
22:57:50,Focused
22:57:50,Focused
22:57:50,Focused
22:57:50,Focused
22:57:50,Focused
22:57:50,Focused
22:57:50,Focused
22:57:50,Focused
22:57:51,Focused
22:57:51,Focused
22:57:51,Focused
22:57:51,Focused
22:57:51,Focused
22:57:51,Focused
22:57:51,Focused
22:57:51,Focused
22:57:51,Focused
22:57:51,Focused
22:57:51,Focused
22:57:51,Focused
22:57:51,Focused
22:57:51,Focused
22:57:51,Focused
22:57:51,Focused
22:57:51,Focused
22:57:51,Focused
22:57:51,Focused
22:57:51,Focused
22:57:51,Focused
22:57:51,Focused
22:57:51,Focused
22:57:51,Focused
22:57:51,Focused
22:57:52,Focused
22:57:52,Focused
22:57:52,Focused
22:57:52,Focused
22:57:53,Focused
22:57:53,Focused
22:57:53,Focused
22:57:53,Focused
22:57:53,Focused
22:57:53,Focused
22:57:53,Focused
22:57:53,Focused
22:57:53,Focused
22:57:53,Focused
22:57:53,Focused
22:57:53,Focused
22:57:53,Focused
22:57:53,Focused
22:57:53,Focused
22:57:53,Focused
22:57:53,Focused
22:57:53,Focused
22:57:53,Focused
22:57:54,Focused
22:57:54,Focused
22:57:54,Focused
22:57:54,Focused
22:57:54,Focused
22:57:54,Focused
22:57:54,Focused
22:57:54,Focused
22:57:54,Focused
22:57:54,Focused
22:57:54,Focused
22:57:54,Focused
22:57:54,Focused
22:57:54,Focused
22:57:54,Focused
22:57:54,Focused
22:57:54,Focused
22:57:54,Focused
22:57:54,Focused
22:57:54,Focused
22:57:54,Focused
22:57:54,Focused
22:57:54,Focused
22:57:54,Focused
22:57:54,Focused
22:57:54,Focused
22:57:54,Focused
22:57:54,Focused
22:57:54,Confused
22:57:54,Confused
22:57:55,Confused
22:57:55,Confused
22:57:55,Confused
22:57:55,Confused
22:57:55,Confused
22:57:55,Confused
22:57:55,Distracted
22:57:55,Distracted
22:57:55,Distracted
22:57:55,Distracted
22:57:55,Distracted
22:57:55,Distracted
22:57:55,Distracted
22:57:55,Distracted
22:57:55,Distracted
22:57:55,Confused
22:57:55,Confused
22:57:55,Confused
22:57:55,Confused
22:57:55,Confused
22:57:55,Confused
22:57:55,Confused
22:57:55,Confused
22:57:55,Focused
22:57:55,Confused
22:57:55,Confused
22:57:55,Focused
22:57:55,Focused
22:57:55,Focused
22:57:56,Focused
22:57:56,Focused
22:57:56,Focused
22:57:56,Focused
22:57:56,Focused
22:57:56,Focused
22:57:56,Focused
22:57:56,Focused
22:57:56,Focused
22:57:56,Focused
22:57:56,Focused
22:57:56,Focused
22:57:56,Focused
22:57:56,Focused
22:57:56,Focused
22:57:56,Focused
22:57:56,Focused
22:57:56,Focused
22:57:56,Focused
22:57:56,Focused
22:57:56,Focused
22:57:56,Focused
22:57:56,Focused
22:57:56,Focused
22:57:56,Focused
22:57:56,Focused
22:57:56,Focused
22:57:56,Focused
22:57:56,Focused
22:57:57,Focused
22:57:57,Focused
22:57:57,Focused
22:57:57,Focused
22:57:57,Focused
22:57:57,Focused
22:57:57,Focused
22:57:57,Focused
22:57:57,Focused
22:57:57,Focused
22:57:57,Focused
22:57:57,Confused
22:57:57,Confused
22:57:57,Confused
22:57:57,Confused
22:57:57,Focused
22:57:57,Confused
22:57:57,Confused
22:57:57,Confused
22:57:57,Confused
22:57:57,Focused
22:57:57,Focused
22:57:57,Focused
22:57:57,Focused
22:57:57,Focused
22:57:57,Focused
22:57:57,Focused
22:57:57,Focused
22:57:57,Focused
22:57:57,Focused
22:57:57,Focused
22:57:58,Focused
22:57:58,Focused
22:57:58,Focused
22:57:58,Focused
22:57:58,Focused
22:57:58,Focused
22:57:58,Focused
22:57:58,Focused
22:57:58,Focused
22:57:58,Focused
22:57:58,Focused
22:57:58,Focused
22:57:58,Focused
22:57:58,Focused
22:57:58,Confused
22:57:58,Confused
22:57:58,Confused
22:57:58,Confused
22:57:58,Tired
22:57:58,Tired
22:57:58,Tired
22:57:58,Confused
22:57:58,Confused
22:57:58,Tired
22:57:58,Tired
22:57:58,Tired
22:57:58,Tired
22:57:58,Tired
22:57:58,Tired
22:57:58,Tired
22:57:59,Confused
22:57:59,Confused
22:57:59,Confused
22:57:59,Confused
22:57:59,Confused
22:57:59,Confused
22:57:59,Confused
22:57:59,Confused
22:57:59,Confused
22:57:59,Confused
22:57:59,Confused
22:57:59,Confused
22:57:59,Confused
22:57:59,Confused
22:57:59,Confused
22:57:59,Distracted
22:57:59,Confused
22:57:59,Confused
22:57:59,Confused
22:57:59,Confused
22:57:59,Confused
22:57:59,Confused
22:57:59,Confused
22:57:59,Confused
22:57:59,Confused
22:57:59,Confused
22:57:59,Confused
22:57:59,Confused
22:57:59,Confused
22:57:59,Confused
22:58:00,Confused
22:58:00,Confused
22:58:00,Confused
22:58:00,Confused
22:58:00,Confused
22:58:00,Confused
22:58:00,Confused
22:58:00,Confused
22:58:00,Confused
22:58:00,Confused
22:58:00,Confused
22:58:00,Confused
22:58:00,Confused
22:58:00,Confused
22:58:00,Confused
22:58:00,Confused
22:58:00,Confused
22:58:00,Confused
22:58:00,Confused
22:58:00,Confused
22:58:00,Confused
22:58:00,Confused
22:58:00,Confused
22:58:00,Confused
22:58:00,Confused
22:58:00,Confused
22:58:00,Confused
22:58:00,Confused
22:58:00,Confused
22:58:00,Confused
22:58:01,Confused
22:58:01,Confused
22:58:01,Confused
22:58:01,Confused
22:58:01,Confused
22:58:01,Confused
22:58:01,Confused
22:58:01,Confused
22:58:01,Confused
22:58:01,Confused
22:58:01,Confused
22:58:01,Confused
22:58:01,Confused
22:58:01,Confused
22:58:01,Confused
22:58:01,Confused
22:58:01,Confused
22:58:01,Confused
22:58:01,Focused
22:58:01,Focused
22:58:01,Focused
22:58:01,Focused
22:58:01,Focused
22:58:01,Focused
22:58:01,Focused
22:58:01,Focused
22:58:01,Focused
22:58:01,Focused
22:58:01,Confused
22:58:01,Focused
22:58:02,Focused
22:58:02,Focused
22:58:02,Focused
22:58:02,Focused
22:58:02,Focused
22:58:02,Focused
22:58:02,Focused
22:58:02,Focused
22:58:02,Focused
22:58:02,Focused
22:58:02,Focused
22:58:02,Focused
22:58:02,Focused
22:58:02,Focused
22:58:02,Focused
22:58:02,Focused
22:58:02,Focused
22:58:02,Focused
22:58:02,Focused
22:58:02,Focused
22:58:02,Focused
22:58:02,Focused
22:58:02,Focused
22:58:02,Focused
22:58:02,Focused
22:58:02,Focused
22:58:02,Focused
22:58:02,Focused
22:58:02,Focused
22:58:02,Focused
22:58:03,Focused
22:58:03,Focused
22:58:03,Focused
22:58:03,Focused
22:58:03,Focused
22:58:03,Focused
22:58:03,Focused
22:58:03,Focused
22:58:03,Focused
22:58:03,Focused
22:58:03,Focused
22:58:03,Confused
22:58:03,Focused
22:58:03,Focused
22:58:03,Focused
22:58:03,Focused
22:58:03,Focused
22:58:03,Focused
22:58:03,Focused
22:58:03,Focused
22:58:03,Focused
22:58:03,Focused
22:58:03,Focused
22:58:03,Confused
22:58:03,Confused
22:58:03,Confused
22:58:03,Confused
22:58:03,Confused
22:58:03,Confused
22:58:03,Confused
22:58:04,Confused
22:58:04,Focused
22:58:04,Focused
22:58:04,Focused
22:58:04,Focused
22:58:04,Focused
22:58:04,Focused
22:58:04,Focused
22:58:04,Focused
22:58:04,Focused
22:58:04,Focused
22:58:04,Focused
22:58:04,Focused
22:58:04,Focused
22:58:04,Focused
22:58:04,Focused
22:58:04,Focused
22:58:04,Focused
22:58:04,Focused
22:58:04,Focused
22:58:04,Focused
22:58:04,Focused
22:58:04,Focused
22:58:04,Focused
22:58:04,Focused
22:58:04,Focused
22:58:04,Focused
22:58:04,Focused
22:58:04,Focused
22:58:04,Focused
22:58:05,Focused
22:58:05,Focused
22:58:05,Focused
22:58:05,Focused
22:58:05,Focused
22:58:05,Focused
22:58:05,Focused
22:58:05,Focused
22:58:05,Focused
22:58:05,Focused
22:58:05,Focused
22:58:05,Focused
22:58:05,Focused
22:58:05,Focused
22:58:05,Focused
22:58:05,Focused
22:58:05,Focused
22:58:05,Focused
22:58:05,Focused
22:58:05,Focused
22:58:05,Focused
22:58:05,Focused
22:58:05,Focused
22:58:05,Focused
22:58:05,Focused
22:58:05,Focused
22:58:05,Focused
22:58:05,Focused
22:58:05,Focused
22:58:05,Focused
22:58:06,Focused
22:58:06,Focused
22:58:06,Focused
22:58:06,Focused
22:58:06,Focused
22:58:06,Focused
22:58:06,Focused
22:58:06,Focused
22:58:06,Focused
22:58:06,Focused
22:58:06,Focused
22:58:06,Focused
22:58:06,Focused
22:58:06,Focused
22:58:06,Focused
22:58:06,Focused
22:58:06,Focused
22:58:06,Focused
22:58:06,Focused
22:58:06,Focused
22:58:06,Focused
22:58:06,Focused
22:58:06,Focused
22:58:06,Focused
22:58:06,Focused
22:58:06,Focused
22:58:06,Focused
22:58:06,Focused
22:58:06,Focused
22:58:06,Focused
22:58:07,Focused
22:58:07,Focused
22:58:07,Focused
22:58:07,Focused
22:58:07,Focused
22:58:07,Focused
22:58:07,Focused
22:58:07,Focused
22:58:07,Focused
22:58:07,Focused
22:58:07,Focused
22:58:07,Focused
22:58:07,Focused
22:58:07,Focused
22:58:07,Focused
22:58:07,Focused
22:58:07,Focused
22:58:07,Focused
22:58:07,Focused
22:58:07,Focused
22:58:07,Focused
22:58:07,Focused
22:58:07,Focused
22:58:07,Focused
22:58:07,Focused
22:58:07,Focused
22:58:07,Confused
22:58:07,Confused
22:58:07,Confused
22:58:07,Confused
22:58:08,Confused
22:58:08,Confused
22:58:08,Confused
22:58:08,Confused
22:58:08,Confused
22:58:08,Confused
22:58:08,Focused
22:58:08,Focused
22:58:08,Focused
22:58:08,Focused
22:58:08,Focused
22:58:08,Focused
22:58:08,Focused
22:58:08,Focused
22:58:08,Focused
22:58:08,Focused
22:58:08,Focused
22:58:08,Focused
22:58:08,Focused
22:58:08,Focused
22:58:08,Focused
22:58:08,Focused
22:58:08,Focused
22:58:08,Focused
22:58:08,Focused
22:58:08,Focused
22:58:08,Focused
22:58:08,Focused
22:58:08,Focused
22:58:09,Focused
22:58:09,Confused
22:58:09,Confused
22:58:09,Confused
22:58:09,Confused
22:58:09,Confused
22:58:09,Focused
22:58:09,Focused
22:58:09,Focused
22:58:09,Confused
22:58:09,Focused
22:58:09,Focused
22:58:09,Focused
22:58:09,Focused
22:58:09,Focused
22:58:09,Focused
22:58:09,Focused
22:58:09,Focused
22:58:09,Focused
22:58:09,Focused
22:58:09,Focused
22:58:09,Focused
22:58:09,Focused
22:58:09,Focused
22:58:09,Focused
22:58:09,Focused
22:58:09,Focused
22:58:09,Focused
22:58:09,Focused
22:58:09,Focused
22:58:09,Focused
22:58:10,Focused
22:58:10,Focused
22:58:10,Focused
22:58:10,Confused
22:58:10,Confused
22:58:10,Confused
22:58:10,Confused
22:58:10,Confused
22:58:10,Confused
22:58:10,Confused
22:58:10,Confused
22:58:10,Confused
22:58:10,Confused
22:58:10,Confused
22:58:10,Confused
22:58:10,Confused
22:58:10,Confused
22:58:10,Confused
22:58:10,Confused
22:58:10,Confused
22:58:10,Confused
22:58:10,Confused
22:58:10,Confused
22:58:10,Focused
22:58:10,Focused
22:58:10,Confused
22:58:10,Focused
22:58:10,Focused
22:58:10,Focused
22:58:10,Focused
22:58:11,Focused
22:58:11,Focused
22:58:11,Focused
22:58:11,Focused
22:58:11,Focused
22:58:11,Focused
22:58:11,Focused
22:58:11,Focused
22:58:11,Focused
22:58:11,Focused
22:58:11,Focused
22:58:11,Focused
22:58:11,Focused
22:58:11,Focused
22:58:11,Focused
22:58:11,Focused
22:58:11,Focused
22:58:11,Focused
22:58:11,Focused
22:58:11,Focused
22:58:11,Focused
22:58:11,Focused
22:58:11,Focused
22:58:11,Focused
22:58:11,Focused
22:58:11,Focused
22:58:11,Focused
22:58:11,Focused
22:58:12,Focused
22:58:12,Focused
22:58:12,Focused
22:58:12,Focused
22:58:12,Focused
22:58:12,Focused
22:58:12,Focused
22:58:12,Focused
22:58:12,Focused
22:58:12,Focused
22:58:12,Focused
22:58:12,Focused
22:58:12,Focused
22:58:12,Focused
22:58:12,Focused
22:58:12,Focused
22:58:12,Focused
22:58:12,Focused
22:58:12,Focused
22:58:12,Focused
22:58:12,Focused
22:58:12,Focused
22:58:12,Focused
22:58:12,Focused
22:58:12,Focused
22:58:12,Focused
22:58:12,Focused
22:58:12,Focused
22:58:12,Focused
22:58:12,Focused
22:58:13,Focused
22:58:13,Focused
22:58:13,Focused
22:58:13,Focused
22:58:13,Focused
22:58:13,Focused
22:58:13,Focused
22:58:13,Focused
22:58:13,Focused
22:58:13,Focused
22:58:13,Focused
22:58:13,Focused
22:58:13,Focused
22:58:13,Focused
22:58:13,Focused
22:58:13,Focused
22:58:13,Focused
22:58:13,Focused
22:58:13,Focused
22:58:13,Focused
22:58:13,Focused
22:58:13,Focused
22:58:13,Focused
22:58:13,Focused
22:58:13,Focused
22:58:13,Focused
22:58:13,Focused
22:58:13,Focused
22:58:13,Focused
22:58:14,Focused
22:58:14,Focused
22:58:14,Focused
22:58:14,Focused
22:58:14,Focused
22:58:14,Focused
22:58:14,Focused
22:58:14,Focused
22:58:14,Focused
22:58:14,Focused
22:58:14,Focused
22:58:14,Focused
22:58:14,Focused
22:58:14,Focused
22:58:14,Focused
22:58:14,Focused
22:58:14,Focused
22:58:14,Focused
22:58:14,Focused
22:58:14,Focused
22:58:14,Focused
22:58:14,Focused
22:58:14,Focused
22:58:14,Focused
22:58:14,Focused
22:58:14,Focused
22:58:14,Focused
22:58:14,Focused
22:58:14,Focused
22:58:14,Focused
22:58:14,Focused
22:58:15,Focused
22:58:15,Focused
22:58:15,Focused
22:58:15,Focused
22:58:15,Focused
22:58:15,Focused
22:58:15,Focused
22:58:15,Focused
22:58:15,Focused
22:58:15,Focused
22:58:15,Focused
22:58:17,Focused
22:58:17,Focused
22:58:17,Focused
22:58:17,Focused
22:58:17,Focused
22:58:17,Focused
22:58:17,Focused
22:58:17,Focused
22:58:17,Focused
22:58:17,Focused
22:58:17,Focused
22:58:17,Focused
22:58:17,Focused
22:58:17,Focused
22:58:17,Focused
22:58:17,Focused
22:58:17,Focused
22:58:17,Focused
22:58:17,Focused
22:58:17,Focused
22:58:17,Focused
22:58:17,Focused
22:58:17,Focused
22:58:17,Focused
22:58:17,Focused
22:58:17,Focused
22:58:17,Focused
22:58:17,Focused
22:58:17,Focused
22:58:18,Focused
22:58:18,Focused
22:58:18,Focused
22:58:18,Focused
22:58:18,Focused
22:58:18,Focused
22:58:18,Focused
22:58:18,Focused
22:58:18,Focused
22:58:18,Focused
22:58:18,Focused
22:58:18,Focused
22:58:18,Focused
22:58:18,Focused
22:58:18,Focused
22:58:18,Focused
22:58:18,Focused
22:58:18,Focused
22:58:18,Focused
22:58:18,Focused
22:58:18,Focused
22:58:18,Focused
22:58:18,Focused
22:58:18,Focused
22:58:18,Focused
22:58:18,Focused
22:58:18,Focused
22:58:18,Focused
22:58:18,Focused
22:58:18,Focused
22:58:19,Focused
22:58:19,Focused
22:58:19,Focused
22:58:19,Focused
22:58:19,Focused
22:58:19,Focused
22:58:19,Focused
22:58:19,Focused
22:58:19,Focused
22:58:19,Focused
22:58:19,Focused
22:58:19,Focused
22:58:19,Focused
22:58:19,Focused
22:58:19,Focused
22:58:19,Focused
22:58:19,Focused
22:58:19,Focused
22:58:19,Focused
22:58:19,Focused
22:58:19,Focused
22:58:19,Focused
22:58:19,Focused
22:58:19,Focused
22:58:19,Focused
22:58:19,Focused
22:58:19,Focused
22:58:19,Focused
22:58:19,Focused
22:58:19,Focused
22:58:20,Focused
22:58:20,Focused
22:58:20,Focused
22:58:20,Focused
22:58:20,Focused
22:58:20,Focused
22:58:20,Focused
22:58:20,Focused
22:58:20,Focused
22:58:20,Focused
22:58:20,Focused
22:58:20,Focused
22:58:20,Focused
22:58:20,Focused
22:58:20,Focused
22:58:20,Focused
22:58:20,Focused
22:58:20,Focused
22:58:20,Focused
22:58:20,Focused
22:58:20,Focused
22:58:20,Focused
22:58:20,Focused
22:58:20,Focused
22:58:20,Focused
22:58:20,Focused
22:58:20,Focused
22:58:20,Focused
22:58:20,Focused
22:58:20,Focused
22:58:20,Focused
22:58:21,Focused
22:58:21,Focused
22:58:21,Focused
22:58:21,Focused
22:58:21,Focused
22:58:21,Focused
22:58:21,Focused
22:58:21,Focused
22:58:21,Confused
22:58:21,Focused
22:58:21,Focused
22:58:21,Confused
22:58:21,Confused
22:58:21,Confused
22:58:21,Confused
22:58:21,Confused
22:58:21,Confused
22:58:21,Confused
22:58:21,Confused
22:58:21,Confused
22:58:21,Confused
22:58:21,Confused
22:58:21,Confused
22:58:21,Confused
22:58:21,Confused
22:58:21,Confused
22:58:22,Confused
22:58:22,Focused
22:58:22,Focused
22:58:22,Focused
22:58:22,Focused
22:58:22,Focused
22:58:22,Focused
22:58:22,Focused
22:58:22,Focused
22:58:22,Focused
22:58:22,Focused
22:58:22,Focused
22:58:22,Focused
22:58:22,Focused
22:58:22,Focused
22:58:22,Focused
22:58:22,Focused
22:58:22,Focused
22:58:22,Focused
22:58:22,Focused
22:58:22,Focused
22:58:22,Focused
22:58:22,Focused
22:58:22,Focused
22:58:22,Focused
22:58:22,Focused
22:58:22,Focused
22:58:22,Focused
22:58:22,Focused
22:58:22,Focused
22:58:23,Focused
22:58:23,Focused
22:58:23,Focused
22:58:23,Focused
22:58:23,Focused
22:58:23,Focused
22:58:23,Focused
22:58:23,Focused
22:58:23,Focused
22:58:23,Focused
22:58:23,Focused
22:58:23,Focused
22:58:23,Focused
22:58:23,Focused
22:58:23,Focused
22:58:23,Focused
22:58:25,Focused
22:58:25,Focused
22:58:25,Focused
22:58:25,Focused
22:58:25,Focused
22:58:25,Focused
22:58:25,Focused
22:58:25,Focused
22:58:25,Focused
22:58:25,Focused
22:58:25,Focused
22:58:25,Focused
22:58:25,Focused
22:58:25,Focused
22:58:25,Focused
22:58:25,Focused
22:58:25,Focused
22:58:25,Focused
22:58:25,Focused
22:58:25,Focused
22:58:25,Focused
22:58:25,Focused
22:58:25,Focused
22:58:25,Focused
22:58:25,Focused
22:58:25,Focused
22:58:25,Focused
22:58:25,Focused
22:58:25,Focused
22:58:25,Focused
22:58:26,Focused
22:58:26,Focused
22:58:26,Focused
22:58:26,Focused
22:58:26,Focused
22:58:26,Focused
22:58:26,Focused
22:58:26,Focused
22:58:26,Focused
22:58:26,Focused
22:58:26,Focused
22:58:26,Focused
22:58:26,Focused
22:58:26,Focused
22:58:26,Focused
22:58:26,Focused
22:58:26,Focused
22:58:27,Focused
22:58:27,Focused
22:58:27,Focused
22:58:27,Focused
22:58:27,Focused
22:58:27,Focused
22:58:27,Focused
22:58:27,Focused
22:58:27,Focused
22:58:27,Focused
22:58:27,Focused
22:58:27,Focused
22:58:27,Focused
22:58:27,Focused
22:58:27,Focused
22:58:27,Focused
22:58:27,Focused
22:58:27,Focused
22:58:27,Focused
22:58:27,Focused
22:58:27,Focused
22:58:27,Confused
22:58:27,Confused
22:58:27,Focused
22:58:27,Confused
22:58:28,Confused
22:58:28,Confused
22:58:28,Confused
22:58:28,Confused
22:58:28,Confused
22:58:28,Confused
22:58:28,Confused
22:58:28,Confused
22:58:28,Confused
22:58:28,Confused
22:58:28,Confused
22:58:28,Confused
22:58:28,Focused
22:58:28,Focused
22:58:28,Focused
22:58:28,Focused
22:58:28,Focused
22:58:28,Focused
22:58:28,Focused
22:58:28,Focused
22:58:28,Focused
22:58:28,Focused
22:58:28,Focused
22:58:28,Focused
22:58:28,Focused
22:58:28,Focused
22:58:28,Focused
22:58:28,Focused
22:58:28,Focused
22:58:28,Focused
22:58:29,Confused
22:58:29,Confused
22:58:29,Confused
22:58:29,Confused
22:58:29,Confused
22:58:29,Confused
22:58:29,Confused
22:58:29,Confused
22:58:29,Confused
22:58:29,Confused
22:58:29,Confused
22:58:29,Confused
22:58:29,Confused
22:58:29,Focused
22:58:29,Focused
22:58:29,Confused
22:58:29,Confused
22:58:29,Focused
22:58:29,Focused
22:58:29,Focused
22:58:29,Focused
22:58:29,Focused
22:58:29,Focused
22:58:29,Focused
22:58:29,Focused
22:58:29,Focused
22:58:29,Focused
22:58:29,Focused
22:58:29,Focused
22:58:29,Focused
22:58:30,Focused
22:58:30,Focused
22:58:30,Focused
22:58:30,Focused
22:58:30,Focused
22:58:30,Tired
22:58:30,Tired
22:58:30,Tired
22:58:30,Tired
22:58:30,Tired
22:58:30,Tired
22:58:30,Tired
22:58:30,Tired
22:58:30,Tired
22:58:30,Tired
22:58:30,Tired
22:58:30,Tired
22:58:30,Tired
22:58:30,Tired
22:58:30,Focused
22:58:30,Focused
22:58:30,Focused
22:58:30,Focused
22:58:30,Focused
22:58:30,Focused
22:58:30,Confused
22:58:30,Confused
22:58:30,Confused
22:58:30,Confused
22:58:31,Confused
22:58:31,Confused
22:58:31,Confused
22:58:31,Focused
22:58:31,Focused
22:58:31,Focused
22:58:31,Focused
22:58:31,Focused
22:58:31,Confused
22:58:31,Confused
22:58:31,Confused
22:58:31,Confused
22:58:31,Confused
22:58:31,Confused
22:58:31,Confused
22:58:31,Confused
22:58:31,Focused
22:58:31,Focused
22:58:31,Focused
22:58:31,Focused
22:58:31,Focused
22:58:31,Focused
22:58:31,Focused
22:58:31,Focused
22:58:31,Focused
22:58:31,Focused
22:58:31,Focused
22:58:31,Focused
22:58:31,Focused
22:58:31,Focused
22:58:31,Focused
22:58:32,Focused
22:58:32,Focused
22:58:32,Focused
22:58:32,Focused
22:58:32,Focused
22:58:32,Focused
22:58:32,Focused
22:58:32,Focused
22:58:32,Focused
22:58:33,Focused
22:58:33,Focused
22:58:33,Focused
22:58:33,Focused
22:58:33,Focused
22:58:33,Focused
22:58:33,Focused
22:58:33,Tired
22:58:33,Tired
22:58:33,Tired
22:58:34,Tired
22:58:34,Tired
22:58:34,Tired
22:58:34,Tired
22:58:34,Tired
22:58:34,Tired
22:58:34,Tired
22:58:34,Tired
22:58:34,Tired
22:58:34,Tired
22:58:34,Tired
22:58:34,Tired
22:58:34,Tired
22:58:34,Tired
22:58:34,Tired
22:58:34,Tired
22:58:34,Tired
22:58:34,Tired
22:58:34,Tired
22:58:34,Tired
22:58:34,Tired
22:58:34,Tired
22:58:34,Focused
22:58:34,Tired
22:58:34,Tired
22:58:34,Tired
22:58:35,Tired
22:58:35,Tired
22:58:35,Tired
22:58:35,Tired
22:58:35,Tired
22:58:35,Tired
22:58:35,Tired
22:58:35,Tired
22:58:35,Focused
22:58:35,Focused
22:58:35,Focused
22:58:35,Focused
22:58:35,Focused
22:58:35,Focused
22:58:35,Focused
22:58:35,Focused
22:58:35,Focused
22:58:35,Focused
22:58:35,Focused
22:58:35,Focused
22:58:35,Focused
22:58:35,Focused
22:58:35,Focused
22:58:35,Focused
22:58:35,Focused
22:58:35,Focused
22:58:35,Tired
22:58:35,Tired
22:58:35,Focused
22:58:35,Focused
22:58:36,Tired
22:58:36,Tired
22:58:36,Focused
22:58:36,Focused
22:58:36,Focused
22:58:36,Focused
22:58:36,Focused
22:58:36,Focused
22:58:36,Focused
22:58:36,Focused
22:58:36,Focused
22:58:36,Focused
22:58:36,Focused
22:58:36,Focused
22:58:36,Focused
22:58:36,Focused
22:58:36,Focused
22:58:36,Focused
22:58:36,Focused
22:58:36,Focused
22:58:36,Focused
22:58:36,Confused
22:58:36,Tired
22:58:36,Tired
22:58:36,Tired
22:58:36,Tired
22:58:36,Tired
22:58:36,Tired
22:58:36,Tired
22:58:36,Tired
22:58:37,Tired
22:58:37,Tired
22:58:37,Tired
22:58:37,Tired
22:58:37,Focused
22:58:37,Focused
22:58:37,Focused
22:58:37,Focused
22:58:37,Focused
22:58:37,Focused
22:58:37,Focused
22:58:37,Focused
22:58:37,Focused
22:58:37,Focused
22:58:37,Focused
22:58:37,Focused
22:58:37,Focused
22:58:37,Focused
22:58:37,Focused
22:58:37,Focused
22:58:37,Focused
22:58:37,Focused
22:58:37,Focused
22:58:37,Focused
22:58:37,Focused
22:58:37,Focused
22:58:37,Focused
22:58:37,Focused
22:58:38,Focused
22:58:38,Focused
22:58:38,Focused
22:58:38,Focused
22:58:38,Focused
22:58:38,Focused
22:58:38,Focused
22:58:38,Focused
22:58:38,Focused
22:58:38,Focused
22:58:38,Focused
22:58:38,Focused
22:58:38,Focused
22:58:38,Focused
22:58:38,Focused
22:58:38,Focused
22:58:38,Focused
22:58:38,Focused
22:58:38,Focused
22:58:38,Focused
22:58:38,Focused
22:58:38,Focused
22:58:39,Tired
22:58:39,Focused
22:58:39,Focused
22:58:39,Focused
22:58:39,Focused
22:58:39,Focused
22:58:39,Focused
22:58:39,Focused
22:58:39,Focused
22:58:40,Focused
22:58:40,Focused
22:58:40,Focused
22:58:40,Focused
22:58:40,Focused
22:58:40,Focused
22:58:40,Focused
22:58:40,Focused
22:58:40,Focused
22:58:40,Focused
22:58:40,Focused
22:58:40,Focused
22:58:40,Focused
22:58:40,Focused
22:58:40,Focused
22:58:40,Focused
22:58:40,Focused
22:58:40,Focused
22:58:41,Focused
22:58:41,Focused
22:58:41,Focused
22:58:41,Focused
22:58:41,Focused
22:58:41,Focused
22:58:41,Focused
22:58:41,Focused
22:58:41,Focused
22:58:41,Focused
22:58:41,Focused
22:58:41,Focused
22:58:41,Focused
22:58:41,Focused
22:58:41,Focused
22:58:41,Focused
22:58:41,Focused
22:58:41,Focused
22:58:42,Focused
22:58:42,Focused
22:58:42,Focused
22:58:42,Focused
22:58:42,Focused
22:58:42,Focused
22:58:42,Focused
22:58:42,Focused
22:58:42,Focused
22:58:42,Focused
22:58:42,Focused
22:58:42,Focused
22:58:42,Focused
22:58:42,Focused
22:58:42,Focused
22:58:42,Focused
22:58:42,Focused
22:58:42,Focused
22:58:42,Focused
22:58:42,Focused
22:58:42,Focused
22:58:42,Focused
22:58:42,Focused
22:58:42,Focused
22:58:42,Focused
22:58:42,Focused
22:58:42,Focused
22:58:42,Focused
22:58:42,Focused
22:58:42,Focused
22:58:43,Focused
22:58:43,Focused
22:58:43,Focused
22:58:43,Focused
22:58:43,Focused
22:58:43,Focused
22:58:43,Focused
22:58:43,Focused
22:58:43,Focused
22:58:43,Focused
22:58:43,Focused
22:58:43,Focused
22:58:43,Focused
22:58:43,Focused
22:58:43,Focused
22:58:43,Focused
22:58:43,Focused
22:58:43,Focused
22:58:43,Focused
22:58:43,Focused
22:58:43,Focused
22:58:43,Focused
22:58:43,Focused
22:58:43,Focused
22:58:43,Focused
22:58:43,Focused
22:58:43,Focused
22:58:43,Focused
22:58:43,Focused
22:58:44,Focused
22:58:44,Focused
22:58:44,Focused
22:58:44,Focused
22:58:44,Focused
22:58:44,Focused
22:58:44,Focused
22:58:44,Focused
22:58:44,Focused
22:58:44,Focused
22:58:44,Focused
22:58:44,Focused
22:58:44,Focused
22:58:44,Focused
22:58:44,Focused
22:58:44,Focused
22:58:44,Focused
22:58:44,Focused
22:58:44,Focused
22:58:44,Focused
22:58:44,Focused
22:58:44,Focused
22:58:44,Focused
22:58:44,Focused
22:58:44,Focused
22:58:44,Focused
22:58:44,Focused
22:58:44,Focused
22:58:44,Focused
22:58:44,Focused
22:58:44,Focused
22:58:45,Focused
22:58:45,Focused
22:58:45,Focused
22:58:45,Focused
22:58:45,Focused
22:58:45,Focused
22:58:45,Focused
22:58:45,Focused
22:58:45,Focused
22:58:45,Focused
22:58:45,Focused
22:58:45,Focused
22:58:45,Focused
22:58:45,Focused
22:58:45,Focused
22:58:45,Focused
22:58:45,Focused
22:58:45,Focused
22:58:45,Focused
22:58:45,Focused
22:58:45,Focused
22:58:45,Focused
22:58:45,Focused
22:58:45,Focused
22:58:45,Focused
22:58:45,Focused
22:58:45,Focused
22:58:46,Focused
22:58:48,Focused
22:58:48,Focused
22:58:48,Focused
22:58:48,Focused
22:58:48,Focused
22:58:48,Focused
22:58:48,Focused
22:58:48,Focused
22:58:48,Focused
22:58:48,Focused
22:58:48,Focused
22:58:49,Focused
22:58:49,Focused
22:58:49,Focused
22:58:49,Focused
22:58:49,Focused
22:58:49,Focused
22:58:49,Focused
22:58:49,Focused
22:58:49,Focused
22:58:49,Focused
22:58:49,Focused
22:58:49,Focused
22:58:49,Focused
22:58:49,Focused
22:58:49,Focused
22:58:49,Focused
22:58:49,Focused
22:58:49,Focused
22:58:49,Focused
22:58:49,Focused
22:58:49,Focused
22:58:49,Focused
22:58:49,Focused
22:58:49,Focused
22:58:49,Focused
22:58:49,Focused
22:58:49,Focused
22:58:49,Focused
22:58:51,Focused
22:58:51,Focused
22:58:51,Focused
22:58:51,Focused
22:58:51,Focused
22:58:51,Focused
22:58:51,Focused
22:58:51,Focused
22:58:51,Focused
22:58:51,Focused
22:58:51,Focused
22:58:51,Focused
22:58:51,Focused
22:58:51,Focused
22:58:51,Focused
22:58:51,Focused
22:58:51,Focused
22:58:51,Focused
22:58:51,Focused
22:58:51,Focused
22:58:51,Focused
22:58:52,Focused
22:58:52,Focused
22:58:52,Focused
22:58:52,Focused
22:58:52,Focused
22:58:52,Focused
22:58:52,Focused
22:58:52,Focused
22:58:52,Focused
22:58:52,Focused
22:58:52,Focused
22:58:52,Focused
22:58:52,Focused
22:58:52,Focused
22:58:52,Focused
22:58:52,Focused
22:58:52,Focused
22:58:52,Focused
22:58:52,Focused
22:58:52,Focused
22:58:52,Focused
22:58:52,Focused
22:58:52,Focused
22:58:52,Focused
22:58:52,Focused
22:58:52,Focused
22:58:52,Focused
22:58:52,Focused
22:58:52,Focused
22:58:52,Focused
22:58:53,Focused
22:58:53,Focused
22:58:53,Focused
22:58:53,Focused
22:58:53,Focused
22:58:53,Focused
22:58:53,Focused
22:58:53,Focused
22:58:53,Focused
22:58:53,Focused
22:58:53,Focused
22:58:53,Focused
22:58:53,Focused
22:58:53,Focused
22:58:53,Focused
22:58:53,Focused
22:58:53,Focused
22:58:53,Focused
22:58:53,Focused
22:58:53,Focused
22:58:53,Focused
22:58:53,Focused
22:58:53,Focused
22:58:53,Focused
22:58:53,Focused
22:58:53,Focused
22:58:53,Focused
22:58:53,Focused
22:58:53,Focused
22:58:53,Focused
22:58:53,Focused
22:58:54,Focused
22:58:54,Focused
22:58:54,Focused
22:58:54,Focused
22:58:54,Focused
22:58:54,Focused
22:58:54,Focused
22:58:54,Focused
22:58:54,Focused
22:58:54,Focused
22:58:54,Focused
22:58:54,Focused
22:58:54,Focused
22:58:54,Focused
22:58:54,Focused
22:58:54,Focused
22:58:54,Confused
22:58:54,Confused
22:58:54,Confused
22:58:54,Confused
22:58:54,Confused
22:58:54,Confused
22:58:54,Confused
22:58:54,Confused
22:58:54,Confused
22:58:54,Confused
22:58:54,Confused
22:58:54,Confused
22:58:54,Confused
22:58:54,Confused
22:58:55,Confused
22:58:55,Confused
22:58:55,Confused
22:58:55,Confused
22:58:55,Confused
22:58:55,Confused
22:58:55,Confused
22:58:55,Confused
22:58:55,Confused
22:58:55,Focused
22:58:55,Focused
22:58:55,Focused
22:58:55,Focused
22:58:55,Focused
22:58:55,Focused
22:58:55,Focused
22:58:55,Focused
22:58:55,Focused
22:58:55,Focused
22:58:55,Focused
22:58:55,Focused
22:58:55,Focused
22:58:55,Focused
22:58:55,Focused
22:58:55,Focused
22:58:55,Focused
22:58:55,Focused
22:58:55,Focused
22:58:55,Focused
22:58:56,Focused
22:58:56,Focused
22:58:56,Focused
22:58:56,Focused
22:58:56,Focused
22:58:56,Focused
22:58:56,Focused
22:58:56,Focused
22:58:56,Focused
22:58:56,Focused
22:58:56,Focused
22:58:56,Focused
22:58:56,Focused
22:58:56,Focused
22:58:56,Focused
22:58:56,Focused
22:58:57,Focused
22:58:57,Focused
22:58:57,Focused
22:58:57,Focused
22:58:57,Focused
22:58:57,Focused
22:58:58,Focused
22:58:58,Focused
22:58:58,Focused
22:58:58,Focused
22:58:58,Focused
22:58:58,Focused
22:58:58,Focused
22:58:58,Focused
22:58:58,Focused
22:58:58,Focused
22:58:58,Focused
22:58:58,Focused
22:58:58,Focused
22:58:58,Focused
22:58:58,Focused
22:58:58,Focused
22:58:58,Focused
22:58:58,Focused
22:58:58,Focused
22:58:58,Focused
22:58:58,Focused
22:58:58,Focused
22:58:58,Focused
22:58:58,Focused
22:58:58,Focused
22:58:58,Focused
22:58:58,Focused
22:58:58,Focused
22:58:58,Focused
22:58:58,Focused
22:58:59,Focused
22:58:59,Focused
22:58:59,Focused
22:58:59,Focused
22:58:59,Focused
22:58:59,Focused
22:59:01,Focused
22:59:01,Focused
22:59:01,Focused
22:59:01,Focused
22:59:01,Focused
22:59:01,Focused
22:59:01,Focused
22:59:01,Focused
22:59:01,Focused
22:59:01,Focused
22:59:01,Focused
22:59:01,Focused
22:59:01,Focused
22:59:01,Focused
22:59:01,Focused
22:59:01,Focused
22:59:01,Focused
22:59:01,Focused
22:59:01,Focused
22:59:01,Focused
22:59:02,Focused
22:59:02,Focused
22:59:02,Focused
22:59:02,Focused
22:59:02,Focused
22:59:02,Focused
22:59:02,Focused
22:59:02,Focused
22:59:02,Focused
22:59:02,Focused
22:59:02,Focused
22:59:03,Focused
22:59:03,Focused
22:59:03,Focused
22:59:03,Focused
22:59:03,Focused
22:59:03,Focused
22:59:03,Focused
22:59:03,Focused
22:59:03,Focused
22:59:03,Focused
22:59:03,Focused
22:59:03,Focused
22:59:03,Focused
22:59:03,Focused
22:59:03,Focused
22:59:03,Focused
22:59:03,Focused
22:59:03,Focused
22:59:03,Focused
22:59:03,Focused
22:59:03,Focused
22:59:03,Focused
22:59:03,Focused
22:59:03,Focused
22:59:03,Focused
22:59:03,Focused
22:59:03,Focused
22:59:03,Focused
22:59:03,Focused
22:59:04,Focused
22:59:04,Focused
22:59:04,Focused
22:59:04,Focused
22:59:04,Focused
22:59:04,Focused
22:59:04,Focused
22:59:04,Focused
22:59:04,Focused
22:59:04,Focused
22:59:04,Focused
22:59:04,Focused
22:59:04,Focused
22:59:04,Focused
22:59:04,Focused
22:59:04,Focused
22:59:04,Focused
22:59:04,Focused
22:59:04,Focused
22:59:04,Focused
22:59:04,Focused
22:59:04,Focused
22:59:04,Focused
22:59:04,Focused
22:59:04,Focused
22:59:04,Focused
22:59:04,Focused
22:59:04,Focused
22:59:04,Focused
22:59:04,Focused
22:59:05,Focused
22:59:05,Focused
22:59:05,Focused
22:59:05,Focused
22:59:05,Focused
22:59:05,Focused
22:59:05,Focused
22:59:05,Focused
22:59:05,Focused
22:59:05,Focused
22:59:05,Focused
22:59:05,Focused
22:59:05,Focused
22:59:05,Focused
22:59:05,Focused
22:59:05,Focused
22:59:05,Focused
22:59:05,Focused
22:59:05,Focused
22:59:05,Focused
22:59:05,Focused
22:59:05,Focused
22:59:05,Focused
22:59:05,Focused
22:59:05,Focused
22:59:05,Focused
22:59:05,Focused
22:59:05,Focused
22:59:05,Focused
22:59:05,Focused
22:59:05,Focused
22:59:06,Focused
22:59:06,Focused
22:59:06,Focused
22:59:06,Focused
22:59:06,Focused
22:59:06,Focused
22:59:06,Focused
22:59:06,Focused
22:59:06,Focused
22:59:06,Focused
22:59:06,Focused
22:59:06,Focused
22:59:06,Focused
22:59:06,Focused
22:59:06,Focused
22:59:06,Focused
22:59:06,Focused
22:59:06,Focused
22:59:06,Focused
22:59:06,Focused
22:59:06,Focused
22:59:06,Focused
22:59:06,Focused
22:59:06,Focused
22:59:06,Focused
22:59:06,Focused
22:59:06,Focused
22:59:06,Focused
22:59:06,Focused
22:59:06,Focused
22:59:07,Focused
22:59:07,Focused
22:59:07,Focused
22:59:07,Focused
22:59:07,Focused
22:59:07,Focused
22:59:07,Focused
22:59:07,Focused
22:59:07,Focused
22:59:07,Focused
22:59:07,Focused
22:59:07,Focused
22:59:07,Focused
22:59:07,Focused
22:59:07,Focused
22:59:07,Focused
22:59:07,Focused
22:59:07,Focused
22:59:07,Focused
22:59:07,Focused
22:59:07,Focused
22:59:07,Focused
22:59:07,Focused
22:59:07,Focused
22:59:07,Focused
22:59:07,Focused
22:59:07,Focused
22:59:07,Focused
22:59:07,Focused
22:59:07,Focused
22:59:08,Focused
22:59:08,Focused
22:59:08,Focused
22:59:08,Focused
22:59:08,Focused
22:59:08,Focused
22:59:08,Focused
22:59:08,Focused
22:59:08,Focused
22:59:08,Focused
22:59:08,Focused
22:59:08,Focused
22:59:08,Focused
22:59:08,Focused
22:59:08,Focused
22:59:08,Focused
22:59:08,Focused
22:59:08,Focused
22:59:08,Focused
22:59:08,Focused
22:59:08,Focused
22:59:08,Focused
22:59:08,Focused
22:59:08,Focused
22:59:08,Focused
22:59:08,Focused
22:59:08,Focused
22:59:08,Confused
22:59:08,Confused
22:59:09,Confused
22:59:09,Confused
22:59:09,Confused
22:59:09,Confused
22:59:09,Confused
22:59:09,Confused
22:59:09,Focused
22:59:09,Focused
22:59:09,Focused
22:59:09,Focused
22:59:09,Focused
22:59:09,Focused
22:59:09,Focused
22:59:09,Focused
22:59:09,Focused
22:59:09,Focused
22:59:09,Confused
22:59:09,Confused
22:59:09,Focused
22:59:09,Confused
22:59:09,Confused
22:59:09,Confused
22:59:09,Focused
22:59:09,Confused
22:59:09,Confused
22:59:09,Confused
22:59:09,Confused
22:59:09,Confused
22:59:09,Confused
22:59:09,Focused
22:59:09,Focused
22:59:10,Focused
22:59:10,Focused
22:59:10,Focused
22:59:10,Focused
22:59:10,Focused
22:59:10,Confused
22:59:10,Confused
22:59:10,Focused
22:59:10,Focused
22:59:10,Focused
22:59:10,Focused
22:59:10,Confused
22:59:10,Focused
22:59:10,Focused
22:59:10,Focused
22:59:10,Focused
22:59:10,Focused
22:59:10,Focused
22:59:10,Confused
22:59:10,Focused
22:59:10,Focused
22:59:10,Confused
22:59:10,Confused
22:59:10,Confused
22:59:10,Confused
22:59:10,Confused
22:59:10,Focused
22:59:10,Focused
22:59:10,Focused
22:59:10,Focused
22:59:11,Focused
22:59:11,Focused
22:59:11,Focused
22:59:11,Focused
22:59:11,Focused
22:59:11,Focused
22:59:11,Focused
22:59:11,Focused
22:59:11,Confused
22:59:11,Confused
22:59:11,Focused
22:59:11,Focused
22:59:11,Focused
22:59:11,Focused
22:59:11,Focused
22:59:11,Focused
22:59:11,Focused
22:59:11,Focused
22:59:11,Focused
22:59:11,Focused
22:59:11,Focused
22:59:11,Focused
22:59:11,Focused
22:59:11,Focused
22:59:11,Focused
22:59:11,Focused
22:59:11,Focused
22:59:11,Focused
22:59:11,Focused
22:59:11,Focused
22:59:12,Focused
22:59:12,Focused
22:59:12,Focused
22:59:12,Focused
22:59:12,Focused
22:59:12,Focused
22:59:12,Focused
22:59:12,Focused
22:59:12,Focused
22:59:12,Focused
22:59:12,Confused
22:59:12,Focused
22:59:12,Focused
22:59:12,Focused
22:59:12,Focused
22:59:12,Focused
22:59:12,Focused
22:59:12,Focused
22:59:12,Focused
22:59:12,Focused
22:59:12,Focused
22:59:12,Focused
22:59:12,Confused
22:59:12,Confused
22:59:12,Confused
22:59:12,Confused
22:59:12,Distracted
22:59:12,Distracted
22:59:12,Distracted
22:59:12,Distracted
22:59:13,Distracted
22:59:13,Distracted
22:59:13,Distracted
22:59:13,Distracted
22:59:13,Distracted
22:59:13,Distracted
22:59:13,Confused
22:59:13,Confused
22:59:13,Focused
22:59:13,Confused
22:59:13,Confused
22:59:13,Confused
22:59:13,Confused
22:59:13,Confused
22:59:13,Confused
22:59:13,Focused
22:59:13,Focused
22:59:13,Confused
22:59:13,Focused
22:59:13,Focused
22:59:13,Focused
22:59:13,Focused
22:59:13,Focused
22:59:13,Focused
22:59:13,Focused
22:59:13,Focused
22:59:13,Focused
22:59:13,Focused
22:59:13,Focused
22:59:13,Focused
22:59:14,Focused
22:59:14,Focused
22:59:14,Focused
22:59:14,Focused
22:59:14,Focused
22:59:14,Focused
22:59:14,Focused
22:59:14,Focused
22:59:14,Focused
22:59:14,Focused
22:59:14,Focused
22:59:14,Focused
22:59:14,Focused
22:59:14,Focused
22:59:14,Focused
22:59:14,Focused
22:59:14,Focused
22:59:14,Confused
22:59:14,Focused
22:59:14,Focused
22:59:14,Focused
22:59:14,Focused
22:59:14,Focused
22:59:14,Focused
22:59:14,Focused
22:59:14,Focused
22:59:14,Focused
22:59:14,Focused
22:59:14,Focused
22:59:14,Focused
22:59:15,Focused
22:59:15,Focused
22:59:15,Focused
22:59:15,Focused
22:59:15,Confused
22:59:15,Confused
22:59:15,Confused
22:59:15,Confused
22:59:15,Confused
22:59:15,Confused
22:59:15,Confused
22:59:15,Confused
22:59:15,Confused
22:59:15,Confused
22:59:15,Confused
22:59:15,Confused
22:59:15,Confused
22:59:15,Confused
22:59:15,Confused
22:59:15,Confused
22:59:15,Confused
22:59:15,Confused
22:59:15,Confused
22:59:15,Confused
22:59:15,Confused
22:59:15,Confused
22:59:15,Confused
22:59:15,Confused
22:59:15,Confused
22:59:15,Confused
22:59:16,Confused
22:59:16,Confused
22:59:16,Confused
22:59:16,Confused
22:59:16,Confused
22:59:16,Confused
22:59:16,Confused
22:59:16,Confused
22:59:16,Confused
22:59:16,Confused
22:59:16,Confused
22:59:16,Confused
22:59:16,Confused
22:59:16,Confused
22:59:16,Distracted
22:59:16,Distracted
22:59:16,Distracted
22:59:16,Distracted
22:59:16,Distracted
22:59:16,Distracted
22:59:16,Distracted
22:59:16,Distracted
22:59:16,Distracted
22:59:16,Confused
22:59:16,Confused
22:59:16,Confused
22:59:16,Confused
22:59:16,Confused
22:59:16,Confused
22:59:16,Confused
22:59:17,Confused
22:59:17,Confused
22:59:17,Confused
22:59:17,Distracted
22:59:17,Confused
22:59:17,Confused
22:59:17,Confused
22:59:17,Confused
22:59:17,Confused
22:59:17,Confused
22:59:17,Confused
22:59:17,Confused
22:59:17,Confused
22:59:17,Confused
22:59:17,Confused
22:59:17,Confused
22:59:17,Confused
22:59:17,Confused
22:59:17,Confused
22:59:17,Confused
22:59:17,Confused
22:59:17,Confused
22:59:17,Confused
22:59:17,Confused
22:59:17,Confused
22:59:17,Confused
22:59:17,Confused
22:59:17,Confused
22:59:17,Confused
22:59:17,Confused
22:59:18,Confused
22:59:18,Confused
22:59:18,Confused
22:59:18,Confused
22:59:18,Confused
22:59:18,Confused
22:59:18,Confused
22:59:18,Confused
22:59:18,Confused
22:59:18,Confused
22:59:18,Confused
22:59:18,Confused
22:59:18,Confused
22:59:18,Confused
22:59:18,Confused
22:59:18,Confused
22:59:20,Confused
22:59:20,Confused
22:59:20,Confused
22:59:20,Confused
22:59:20,Confused
22:59:20,Confused
22:59:20,Confused
22:59:20,Confused
22:59:20,Confused
22:59:20,Tired
22:59:21,Tired
22:59:21,Focused
22:59:21,Focused
22:59:21,Focused
22:59:21,Focused
22:59:21,Focused
22:59:21,Focused
22:59:21,Focused
22:59:21,Focused
22:59:21,Focused
22:59:21,Focused
22:59:21,Focused
22:59:21,Focused
22:59:21,Focused
22:59:21,Focused
22:59:21,Focused
22:59:21,Focused
22:59:21,Focused
22:59:21,Focused
22:59:21,Focused
22:59:21,Focused
22:59:21,Focused
22:59:21,Focused
22:59:21,Focused
22:59:21,Focused
22:59:21,Focused
22:59:21,Focused
22:59:21,Focused
22:59:21,Focused
22:59:22,Focused
22:59:22,Focused
22:59:22,Focused
22:59:22,Focused
22:59:22,Focused
22:59:22,Focused
22:59:22,Focused
22:59:22,Focused
22:59:22,Focused
22:59:22,Focused
22:59:22,Focused
22:59:22,Focused
22:59:22,Focused
22:59:22,Focused
22:59:22,Focused
22:59:22,Focused
22:59:22,Focused
22:59:22,Focused
22:59:22,Focused
22:59:22,Focused
22:59:22,Focused
22:59:22,Focused
22:59:22,Focused
22:59:22,Focused
22:59:22,Focused
22:59:22,Focused
22:59:22,Focused
22:59:22,Focused
22:59:22,Focused
22:59:22,Focused
22:59:22,Focused
22:59:23,Confused
22:59:23,Focused
22:59:23,Focused
22:59:23,Focused
22:59:23,Focused
22:59:23,Focused
22:59:23,Focused
22:59:23,Focused
22:59:23,Focused
22:59:23,Focused
22:59:23,Focused
22:59:23,Focused
22:59:23,Focused
22:59:23,Focused
22:59:23,Focused
22:59:23,Focused
22:59:23,Focused
22:59:23,Focused
22:59:23,Focused
22:59:23,Focused
22:59:23,Focused
22:59:23,Focused
22:59:23,Focused
22:59:23,Focused
22:59:23,Focused
22:59:23,Focused
22:59:23,Focused
22:59:23,Focused
22:59:23,Focused
22:59:24,Focused
22:59:24,Focused
22:59:24,Focused
22:59:24,Focused
22:59:24,Focused
22:59:24,Focused
22:59:24,Focused
22:59:24,Focused
22:59:24,Focused
22:59:24,Focused
22:59:24,Confused
22:59:24,Confused
22:59:24,Confused
22:59:24,Confused
22:59:24,Confused
22:59:24,Confused
22:59:24,Confused
22:59:24,Confused
22:59:24,Confused
22:59:24,Confused
22:59:24,Confused
22:59:24,Confused
22:59:24,Confused
22:59:24,Confused
22:59:24,Confused
22:59:24,Confused
22:59:24,Confused
22:59:24,Confused
22:59:24,Confused
22:59:24,Confused
22:59:24,Confused
22:59:25,Confused
22:59:25,Confused
22:59:25,Confused
22:59:25,Confused
22:59:25,Confused
22:59:25,Confused
22:59:25,Confused
22:59:25,Confused
22:59:25,Confused
22:59:25,Confused
22:59:25,Confused
22:59:25,Confused
22:59:25,Confused
22:59:25,Confused
22:59:25,Confused
22:59:25,Confused
22:59:25,Confused
22:59:25,Confused
22:59:25,Confused
22:59:25,Confused
22:59:25,Confused
22:59:25,Confused
22:59:25,Confused
22:59:25,Confused
22:59:25,Confused
22:59:25,Confused
22:59:25,Confused
22:59:25,Confused
22:59:25,Confused
22:59:26,Confused
22:59:26,Confused
22:59:26,Confused
22:59:26,Confused
22:59:26,Confused
22:59:26,Confused
22:59:26,Confused
22:59:26,Confused
22:59:26,Confused
22:59:26,Confused
22:59:26,Confused
22:59:26,Confused
22:59:26,Confused
22:59:26,Confused
22:59:26,Confused
22:59:26,Confused
22:59:26,Confused
22:59:26,Confused
22:59:26,Confused
22:59:26,Confused
22:59:26,Confused
22:59:26,Confused
22:59:26,Confused
22:59:26,Confused
22:59:26,Confused
22:59:26,Confused
22:59:26,Confused
22:59:26,Confused
22:59:26,Confused
22:59:26,Confused
22:59:26,Confused
22:59:27,Confused
22:59:27,Confused
22:59:27,Confused
22:59:27,Confused
22:59:27,Confused
22:59:27,Confused
22:59:27,Confused
22:59:27,Confused
22:59:27,Confused
22:59:27,Confused
22:59:27,Confused
22:59:27,Confused
22:59:27,Confused
22:59:27,Confused
22:59:27,Confused
22:59:27,Confused
22:59:27,Confused
22:59:27,Confused
22:59:27,Confused
22:59:27,Confused
22:59:27,Confused
22:59:27,Confused
22:59:27,Confused
22:59:27,Confused
22:59:27,Confused
22:59:27,Confused
22:59:27,Confused
22:59:27,Confused
22:59:27,Confused
22:59:28,Confused
22:59:28,Confused
22:59:28,Confused
22:59:28,Confused
22:59:28,Confused
22:59:28,Confused
22:59:28,Confused
22:59:28,Confused
22:59:28,Confused
22:59:28,Confused
22:59:28,Confused
22:59:28,Focused
22:59:28,Focused
22:59:28,Focused
22:59:28,Confused
22:59:28,Focused
22:59:28,Focused
22:59:28,Focused
22:59:28,Focused
22:59:28,Focused
22:59:28,Focused
22:59:28,Focused
22:59:28,Focused
22:59:28,Focused
22:59:28,Focused
22:59:28,Focused
22:59:28,Focused
22:59:28,Focused
22:59:28,Focused
22:59:28,Focused
22:59:28,Focused
22:59:29,Focused
22:59:29,Focused
22:59:29,Focused
22:59:29,Focused
22:59:29,Focused
22:59:29,Focused
22:59:29,Focused
22:59:29,Focused
22:59:29,Focused
22:59:29,Focused
22:59:29,Focused
22:59:29,Focused
22:59:29,Focused
22:59:31,Focused
22:59:31,Focused
22:59:32,Focused
22:59:32,Focused
22:59:32,Focused
22:59:32,Focused
22:59:32,Focused
22:59:32,Focused
22:59:32,Focused
22:59:32,Focused
22:59:32,Focused
22:59:32,Focused
22:59:33,Focused
22:59:33,Focused
22:59:33,Focused
22:59:33,Focused
22:59:33,Focused
22:59:33,Focused
22:59:33,Focused
22:59:33,Focused
22:59:33,Focused
22:59:33,Focused
22:59:33,Focused
22:59:33,Focused
22:59:33,Focused
22:59:33,Focused
22:59:33,Focused
22:59:33,Focused
22:59:33,Focused
22:59:33,Focused
22:59:33,Focused
22:59:33,Focused
22:59:33,Focused
22:59:33,Focused
22:59:33,Focused
22:59:33,Focused
22:59:33,Focused
22:59:33,Focused
22:59:34,Focused
22:59:34,Focused
22:59:34,Focused
22:59:34,Focused
22:59:34,Focused
22:59:34,Focused
22:59:34,Focused
22:59:34,Focused
22:59:34,Focused
22:59:34,Focused
22:59:34,Focused
22:59:34,Focused
22:59:34,Focused
22:59:34,Focused
22:59:34,Focused
22:59:34,Focused
22:59:34,Focused
22:59:34,Focused
22:59:34,Focused
22:59:34,Focused
22:59:35,Focused
22:59:35,Focused
22:59:35,Focused
22:59:35,Focused
22:59:35,Focused
22:59:35,Focused
22:59:35,Focused
22:59:35,Focused
22:59:35,Focused
22:59:35,Focused
22:59:35,Focused
22:59:35,Focused
22:59:35,Focused
22:59:35,Focused
22:59:35,Focused
22:59:35,Focused
22:59:35,Focused
22:59:35,Focused
22:59:35,Focused
